"x1";"x2";"x3";"x4";"x5";"x6";"x7";"x8";"x9";"x10"
2010-09-01;1619462;"5";"1000$";0;917,94;47,1;0;7;60
2011-04-12;1627663;NA;"1500$";1;989,44;51,2;0;13;90
2010-01-04;1523539;"2";"1000$";0;1004,23;44,5;0;3;65
2010-04-09;1568391;"3";"1500$";1;997,97;49,1;0;4;68
2010-03-11;1746312;"2";"1250$";0;1045,88;42,2;1;3;99
2011-05-10;1403398;"3";"1500$";0;998,13;45,6;0;4;96
2011-07-09;1729821;"2";"1200$";0;973,44;49,8;0;15;65
2012-07-31;1670354;"5";"1500$";0;952,57;40,5;0;16;80
2011-07-07;1298517;"4";"1250$";0;1019,01;37;0;14;74
2012-02-25;1638912;"2";"1200$";0;992,5;46;0;13;51
2011-05-21;1536046;NA;"1200$";0;960,52;60,2;0;11;64
2011-01-12;1324782;"4";"1500$";0;1013,58;65,8;1;9;100
2010-02-11;1693150;NA;"1000$";0;997,07;61,8;0;5;52
2010-09-06;1554819;"1";"1200$";0;988,95;58,9;0;14;86
2012-01-28;1503672;"3";"1000$";0;989,42;57,1;0;15;99
2011-10-21;1409526;"5";"1000$";0;944,2;47,3;0;8;67
2011-02-16;1258332;NA;"1500$";0;997,51;42,7;0;10;78
2012-01-06;1464365;"5";"1000$";0;1026,5;50,6;0;11;91
2011-11-01;1321780;"2";"1000$";0;1028,19;30;1;15;64
2012-03-26;1486000;"5";"1250$";0;1010,37;50,8;0;13;54
2011-01-07;1726495;"4";"1250$";0;1041,68;57,5;0;13;98
2010-11-11;1612067;"5";"1000$";1;1010,43;48,2;0;10;73
2012-05-16;1599765;"5";"1000$";0;1062,88;37,2;0;14;52
2011-06-02;1362235;"1";"1500$";1;963,06;47;0;11;66
2010-01-17;1321598;"1";"1000$";0;1022,94;46,3;0;15;64
2012-07-11;1640404;"3";"1250$";0;980,17;68;0;3;90
2010-08-31;1380252;"3";"1000$";1;1068,9;32,7;0;19;76
2011-03-08;1481513;"2";"1250$";0;1032,97;53,3;0;8;74
2012-02-05;1406545;"2";"1500$";0;958,79;82;0;18;68
2011-11-10;1710952;"5";"1500$";0;1032,69;69;0;3;97
2011-12-10;1729543;NA;"1250$";0;976,06;33,4;0;19;85
2012-06-21;1414936;"3";"1200$";0;1049,22;53,2;1;9;50
2010-11-27;1550630;NA;"1200$";0;1014,58;51,7;0;17;56
2010-08-15;1483352;"5";"1200$";0;1001,91;64,8;0;20;99
2010-04-02;1724057;"2";"1200$";0;990,41;49,4;0;13;70
2011-11-29;1729768;"4";"1250$";0;1028,86;36,6;0;2;76
2011-03-05;1324127;NA;"1000$";0;997,42;48,9;0;9;69
2010-01-31;1620288;"1";"1200$";0;1002,5;70,6;0;18;58
2011-04-24;1765597;"3";"1000$";0;967,29;53,8;0;5;94
2011-09-08;1659649;"4";"1000$";0;1011,38;43,7;1;12;67
2010-04-27;1575488;"2";"1500$";0;953,6;37,5;0;17;67
2010-11-08;1739241;"3";"1250$";1;986,46;69,2;0;7;80
2010-11-17;1518539;NA;"1000$";0;1028,35;52,8;0;16;51
2012-08-04;1763076;"2";"1250$";0;943,57;41,2;0;16;73
2012-01-19;1725763;"2";"1250$";0;925,27;54,9;0;8;79
2011-11-14;1523322;"5";"1250$";0;993,79;46,3;0;14;90
2011-02-03;1394944;NA;"1200$";0;975,04;61,3;0;8;70
2012-07-08;1653726;"5";"1500$";0;1066,72;40,9;0;7;75
2012-08-09;1629216;"1";"1500$";0;991,29;48,4;0;7;97
2010-06-13;1527523;"5";"1250$";0;991,4;45,6;0;3;77
2010-04-27;1828654;NA;"1250$";0;1023,3;68,3;0;18;52
2011-12-13;1272921;"3";"1000$";0;933,43;35,6;0;15;88
2011-09-09;1821334;"4";"1250$";0;1016,98;44,1;0;6;94
2011-09-10;1486111;"5";"1000$";0;929,54;33,7;0;15;60
2012-03-16;1309686;"2";"1500$";0;927,3;57,5;0;3;67
2010-07-15;1520285;NA;"1000$";1;1024,23;35,2;1;18;63
2011-05-26;1507934;"3";"1000$";1;970,89;73,9;0;14;68
2010-11-12;1626617;"3";"1000$";0;978,57;60,5;1;6;84
2012-01-02;1606706;"3";"1200$";0;1032,38;71;0;10;85
2011-07-27;1563003;"3";"1250$";0;975,81;57,8;0;13;90
2012-07-03;1414476;"2";"1500$";1;1007,11;62,2;0;15;72
2011-05-30;1436631;"3";"1250$";1;976,67;62,1;0;19;82
2010-03-31;1739088;"4";"1250$";0;1061,68;43,9;0;15;81
2010-10-20;1669701;NA;"1250$";0;996,51;56,1;0;7;85
2011-03-06;1623545;"3";"1200$";1;967,52;60,5;0;5;61
2010-07-12;1297014;"1";"1500$";0;993,6;65,4;1;3;87
2012-02-26;1242951;NA;"1200$";1;1029,15;60,8;0;10;97
2012-02-20;1295988;"2";"1250$";1;970,78;64;0;13;54
2011-07-06;1751174;NA;"1500$";0;999,37;58;0;19;89
2010-03-13;1682275;"2";"1500$";1;984,97;56,4;1;16;56
2010-11-16;1831390;"5";"1500$";0;1087,94;56,5;0;17;52
2012-03-17;1520973;"4";"1200$";0;1036,39;35,1;0;7;94
2010-09-18;1762349;"4";"1500$";0;1033,15;49,5;1;12;63
2010-06-27;1405468;"2";"1000$";0;961,72;46,2;0;16;63
2011-07-04;1306376;"4";"1500$";1;1078,53;48,2;0;12;76
2012-03-01;1543487;"4";"1000$";1;1040,61;38,9;0;19;61
2012-01-16;1759402;"3";"1000$";0;1001,48;42,7;1;6;68
2010-02-05;1539866;"2";"1000$";1;1031,34;55,2;0;18;77
2012-04-09;1832587;"5";"1000$";0;948,13;54,4;1;9;76
2011-08-23;1697453;"4";"1250$";0;1010,78;39,6;0;19;59
2010-03-31;1382442;NA;"1500$";0;1016,64;27,3;1;4;72
2010-07-09;1265812;"2";"1250$";0;989,44;60,3;0;2;53
2011-08-22;1367295;"1";"1000$";0;1076,92;51,5;0;19;59
2012-02-25;1392681;"4";"1250$";0;908,71;51,6;0;19;98
2011-01-22;1669523;"2";"1250$";1;1034,57;59,6;0;17;56
2010-09-20;1697611;NA;"1250$";0;1055,68;43,7;1;17;93
2011-12-22;1466756;"5";"1500$";0;1012,72;42,3;0;9;74
2012-04-19;1405511;"4";"1250$";0;1020,8;45,9;0;11;61
2010-02-11;1639792;"3";"1200$";0;1023,83;52,5;0;4;58
2012-04-22;1255126;NA;"1250$";1;979,74;45,9;0;14;54
2011-02-25;1611421;"5";"1200$";0;1023,96;50,5;0;19;95
2011-10-07;1360384;"4";"1250$";0;974,22;34,4;0;13;59
2012-05-23;1672671;"3";"1200$";0;1026,99;46,1;1;10;67
2010-09-14;1252696;"3";"1000$";1;1004,44;61,3;0;5;78
2012-09-23;1711944;"3";"1500$";0;1001,52;52,4;1;16;93
2012-08-24;1274496;"1";"1250$";0;983,11;46,5;0;2;76
2010-11-10;1241225;"4";"1250$";0;893,53;43,8;0;13;95
2011-05-05;1381205;NA;"1000$";0;951,66;69,1;0;8;78
2010-06-16;1492157;NA;"1000$";0;886,28;42;0;17;52
2011-08-31;1387051;"5";"1200$";0;1068,24;52,4;0;3;85
2012-08-14;1578811;"1";"1000$";0;971,44;43,8;0;14;99
2010-11-09;1792046;"2";"1250$";0;1047,71;41;0;18;94
2011-11-23;1459898;"4";"1250$";0;916,38;38,3;0;17;81
2010-04-28;1626049;"1";"1250$";0;1018,55;35,6;0;18;68
2010-03-31;1453686;"2";"1250$";1;1020,07;45;0;3;57
2012-07-09;1562167;"4";"1250$";1;1066,94;45,7;1;15;73
2010-09-24;1501640;NA;"1000$";0;1039,61;41,4;0;2;59
2012-01-13;1587837;"4";"1500$";0;1037,69;43,1;0;6;64
2012-03-28;1597917;"2";"1250$";0;978,79;51,2;1;12;85
2011-08-24;1600921;"4";"1250$";0;990,34;71,9;0;12;72
2012-05-07;1661490;NA;"1200$";1;999,26;63,4;1;16;73
2011-05-20;1702144;NA;"1000$";0;1003,71;50;0;4;93
2010-08-19;1550470;"4";"1250$";0;1021,48;43,6;0;14;59
2010-07-11;1751263;NA;"1500$";0;977,58;66;0;12;86
2010-11-13;1425336;NA;"1250$";0;995,35;30,6;0;14;93
2012-02-09;1679695;NA;"1250$";1;962,83;47,3;0;15;50
2011-04-27;1324729;NA;"1200$";0;1005,1;50,4;0;8;79
2011-10-19;1252807;"3";"1000$";0;1042,39;39;0;7;65
2011-02-10;1467396;NA;"1000$";1;1068,48;34,3;0;14;86
2010-02-22;1798668;"2";"1000$";0;1007,9;42,2;0;9;74
2010-03-26;1635157;"3";"1200$";0;963,2;41,7;0;6;79
2011-04-10;1396857;"1";"1500$";0;986,53;40,7;1;19;62
2012-07-02;1776258;"4";"1000$";0;953,35;41,2;0;4;66
2011-06-28;1618502;"1";"1000$";1;958,96;42,6;0;19;85
2012-07-07;1353217;NA;"1500$";0;1027,04;47,5;0;14;83
2011-07-12;1240321;"5";"1500$";0;998,96;21,4;0;12;86
2010-09-19;1380977;NA;"1000$";0;1004,73;39,4;0;6;80
2012-04-08;1272065;"4";"1250$";1;996,91;49,7;0;14;84
2012-03-13;1689847;"4";"1200$";0;1053,09;54;0;12;51
2011-04-12;1354151;"4";"1200$";0;1042,35;47,7;0;8;70
2010-08-18;1464759;"3";"1200$";1;1014,35;42,4;0;15;67
2012-06-16;1699513;"2";"1200$";0;996,21;48,8;0;3;75
2011-05-23;1639161;"2";"1000$";1;995,34;55,5;0;5;85
2011-04-26;1652286;"3";"1500$";1;979,73;43,4;0;14;78
2010-06-12;1397827;"5";"1200$";0;962,6;40,8;1;3;80
2010-05-06;1741967;"5";"1200$";0;1058,25;42,3;1;19;70
2011-10-04;1454789;"3";"1200$";0;976,96;52,2;0;11;100
2011-04-26;1496814;"3";"1000$";0;1006,96;54,3;0;7;78
2012-04-27;1752660;"1";"1500$";0;1022,99;61,1;0;10;54
2010-11-16;1581928;"5";"1200$";0;1015,19;44,9;0;11;72
2011-02-16;1755656;"4";"1500$";0;1000,62;48,1;1;6;88
2011-08-25;1736075;NA;"1500$";1;986,99;35,6;1;9;94
2011-04-22;1803734;"4";"1500$";0;1024,13;50,9;0;17;76
2012-01-29;1673021;"4";"1250$";1;996,73;48,1;0;17;88
2012-05-01;1295051;"1";"1500$";0;1012,47;57,9;1;8;100
2010-05-08;1451445;"5";"1200$";0;1086,35;55,2;0;5;52
2012-07-30;1642623;"2";"1000$";0;1088,07;62,1;0;4;81
2011-03-22;1548035;"1";"1200$";0;1015,69;53,7;0;19;82
2012-08-30;1590915;"5";"1000$";1;982,14;50,6;0;18;50
2012-05-12;1392479;"3";"1500$";0;994,04;53,6;0;3;82
2011-04-12;1697791;NA;"1500$";0;956,88;53,1;0;5;75
2010-10-24;1317281;"5";"1500$";0;929,98;59,3;0;19;96
2011-04-27;1645888;NA;"1500$";1;968,29;55,1;0;17;66
2010-03-03;1561322;"4";"1200$";0;1040,65;53,1;0;17;81
2012-03-11;1793652;"1";"1000$";0;999,61;65,3;1;10;54
2011-04-03;1525714;"3";"1200$";1;1054,67;42,5;0;10;88
2011-10-28;1523627;"1";"1200$";0;913,67;47,9;1;19;51
2012-06-20;1420321;"1";"1250$";0;958,3;49,9;0;18;93
2012-07-06;1503051;"4";"1000$";0;950,61;32,7;0;12;60
2010-09-03;1503048;"5";"1250$";0;922,29;42,5;1;13;54
2012-07-18;1348171;NA;"1000$";0;968,73;44,8;1;20;89
2012-07-08;1250106;"4";"1200$";0;1006,64;44;0;12;91
2011-11-10;1321187;NA;"1200$";1;1018,47;43,1;0;5;77
2010-11-09;1737234;"4";"1250$";1;947,17;46,6;0;3;97
2011-10-12;1465676;"5";"1000$";0;935,46;58;0;15;66
2012-09-03;1603181;"2";"1250$";0;963,75;35;1;4;67
2011-06-06;1489247;"2";"1000$";0;1043,28;45,4;0;17;88
2012-03-09;1615126;"5";"1000$";0;1025,86;61,9;1;9;77
2012-02-29;1509202;"5";"1500$";1;984,18;40,3;0;13;56
2010-04-21;1796409;"2";"1250$";0;974,34;45,4;0;9;76
2010-04-08;1272818;"2";"1200$";0;1034,51;42,1;0;19;62
2011-11-25;1666891;NA;"1200$";0;1044,59;54,7;0;12;54
2011-05-27;1534698;"3";"1500$";0;954,86;40;0;6;88
2011-08-05;1352872;NA;"1250$";0;917,94;49,3;0;7;90
2010-06-02;1317751;"1";"1250$";1;1028,11;47,4;1;15;54
2012-07-16;1340361;"2";"1000$";0;954,12;19,7;0;11;95
2010-12-04;1583377;"5";"1500$";1;990;54,6;0;14;92
2010-03-12;1602764;"5";"1000$";0;1001,94;31,5;0;9;58
2012-01-16;1483985;"3";"1200$";1;974,83;55,2;0;11;92
2012-05-14;1482620;"1";"1250$";0;1014,27;41,9;0;16;73
2010-07-26;1823753;"2";"1250$";0;1042,96;41,6;0;17;73
2010-06-05;1375887;"4";"1200$";0;1057,73;40,4;0;8;69
2011-11-28;1786474;"1";"1500$";1;1006,23;41,1;0;19;92
2011-12-15;1832067;"4";"1000$";0;986,89;57,8;0;9;97
2011-04-28;1292682;"3";"1500$";0;1065,82;51,5;0;20;55
2010-05-28;1797074;"2";"1000$";0;1032,79;59,9;0;19;76
2012-06-27;1400315;NA;"1500$";1;992,01;48,4;1;18;87
2011-07-27;1606279;"4";"1200$";0;991,31;36,4;1;16;97
2011-03-04;1401055;NA;"1250$";0;1065,32;42,2;0;10;84
2010-01-10;1453555;"3";"1000$";1;1004,16;52,5;0;8;70
2010-01-15;1376492;"5";"1250$";1;913,93;43,2;0;18;98
2010-12-04;1637159;NA;"1000$";0;1040,74;38;0;18;59
2011-09-26;1472164;"3";"1000$";1;978,57;46,6;0;19;69
2011-07-25;1697355;"4";"1000$";1;955,54;46,7;0;10;93
2011-12-12;1760692;"4";"1500$";0;1035,5;54,3;0;7;73
2012-04-21;1449961;"5";"1250$";0;976,58;68,5;0;8;63
2012-07-10;1270714;"2";"1250$";0;968,6;57,9;0;5;58
2010-11-06;1635305;"1";"1200$";0;1014,38;52,1;1;3;88
2012-05-21;1251979;"1";"1200$";0;1037,1;54,8;0;18;63
2012-07-28;1561135;"2";"1500$";0;1038,13;73,9;0;4;74
2011-11-08;1618829;"3";"1250$";0;1061,95;65,8;1;13;72
2011-07-07;1479475;"2";"1500$";1;977,38;47,6;0;4;85
2012-05-11;1807147;"4";"1200$";1;898,47;45,2;0;18;94
2010-10-05;1541472;"5";"1500$";0;1056,16;37;0;5;66
2010-01-05;1558247;"4";"1250$";0;978,37;54,4;0;14;93
2012-04-06;1672098;"2";"1200$";0;899,59;49,4;0;3;57
2010-10-08;1602575;"4";"1200$";0;925,57;46,7;0;17;63
2010-03-29;1512224;"4";"1250$";0;1038,13;45,8;0;3;99
2010-08-18;1550746;"4";"1000$";0;1080,7;65;0;14;85
2010-04-29;1797580;"4";"1000$";0;971,63;47,5;1;10;50
2011-07-31;1254141;NA;"1250$";1;1029,02;55,4;0;11;86
2011-09-29;1564043;NA;"1000$";1;943,43;46,8;0;14;69
2011-02-19;1625881;"4";"1200$";0;922,7;39,4;1;17;94
2010-10-12;1810431;"1";"1500$";0;1002,67;57,8;0;7;63
2012-01-22;1744572;NA;"1200$";0;1072,08;49;0;14;89
2010-05-12;1693692;"3";"1000$";0;1031,2;45;0;3;98
2011-08-01;1268833;"1";"1500$";0;1038,04;45,5;0;19;85
2010-05-02;1411409;NA;"1200$";0;959,77;58,4;0;8;86
2010-12-07;1723764;"5";"1200$";0;1033,25;39,3;0;10;98
2012-07-09;1507439;"4";"1500$";0;1031,55;41,4;0;9;62
2011-10-10;1606796;"4";"1500$";0;991,7;41,9;0;7;99
2011-03-16;1729573;"3";"1250$";1;952,08;43,1;0;4;72
2010-10-16;1247755;NA;"1250$";0;1020,24;39,6;0;13;65
2011-03-05;1337626;"4";"1000$";0;1035,09;69,7;1;13;90
2012-08-25;1549378;"3";"1200$";0;1053,21;42,4;0;15;52
2010-09-17;1379551;"4";"1500$";0;902,74;42,3;0;6;53
2012-06-20;1830944;"3";"1200$";1;948,45;53,7;0;12;56
2011-01-24;1817056;"4";"1500$";0;1006,91;59,5;0;4;93
2011-08-15;1651687;"5";"1000$";0;968,43;37,5;0;6;90
2012-09-14;1376049;NA;"1500$";0;1049,87;35,2;0;7;98
2010-04-16;1737763;"5";"1250$";0;995,24;43,2;0;13;68
2011-09-04;1375550;"3";"1200$";0;1008,14;65;0;18;89
2010-04-23;1569076;NA;"1000$";0;1022,01;39,9;0;10;67
2011-08-13;1412788;"4";"1500$";1;1037,56;46;0;11;87
2011-08-01;1689642;"4";"1200$";0;1085,15;39,4;1;14;91
2010-05-08;1632873;"3";"1000$";1;1021,32;56,7;1;6;91
2010-08-28;1496783;"1";"1250$";0;939,74;54,1;0;10;78
2011-10-01;1305453;"2";"1250$";0;1029,56;43,4;0;9;73
2011-01-15;1641513;"2";"1250$";0;1010,71;27,3;0;14;86
2011-06-01;1784835;"3";"1200$";0;996,31;41,4;0;20;97
2011-08-07;1326484;"2";"1200$";1;930,88;49,2;0;6;93
2011-07-18;1535566;"5";"1250$";0;1041,77;66,1;0;15;98
2012-03-24;1244351;NA;"1500$";0;1031,59;56,3;0;19;66
2012-01-24;1456891;NA;"1200$";1;973,28;52;0;12;83
2011-08-22;1436750;"1";"1000$";0;1017,01;45,7;0;11;90
2011-05-24;1762592;NA;"1250$";0;969,13;35,3;0;14;68
2012-08-02;1644895;"1";"1250$";0;1041,41;45,6;0;5;76
2010-09-02;1279706;"4";"1200$";1;953,81;61,3;1;4;96
2011-03-10;1673069;NA;"1200$";0;966,12;41,9;0;17;89
2010-07-26;1283572;"3";"1500$";0;976,04;46,4;0;10;58
2010-08-13;1271843;"2";"1000$";0;973,87;58,8;0;10;100
2011-10-25;1605782;"1";"1500$";1;1075,93;35,4;1;13;63
2011-04-15;1709165;"5";"1200$";0;1058,13;48,1;0;12;69
2010-01-15;1547753;"4";"1200$";0;1014,11;69,9;0;15;81
2010-06-15;1577009;"3";"1000$";0;981,44;28,7;0;15;79
2010-05-14;1439398;"2";"1250$";0;950,34;55,2;0;4;93
2011-08-26;1633033;NA;"1500$";0;1015,54;36,5;0;8;69
2012-01-05;1578477;"5";"1200$";0;949,23;53,8;0;18;54
2010-09-08;1462883;"5";"1250$";0;1004,82;47,3;0;10;58
2010-09-29;1489068;"3";"1000$";0;926,99;51,5;0;14;52
2011-10-20;1521035;NA;"1250$";1;924,45;52,3;0;4;63
2010-08-02;1696666;"1";"1200$";0;1014,73;58,2;0;5;96
2010-09-14;1658020;"1";"1000$";0;1032,57;37,1;0;4;92
2010-01-11;1279107;"3";"1000$";0;1045,86;46,7;0;10;92
2011-12-20;1760909;"5";"1000$";0;945,88;40,9;1;11;58
2011-11-07;1375397;"5";"1000$";0;982,18;53,7;0;4;94
2010-11-19;1476455;"1";"1000$";1;998,68;35,3;0;16;80
2012-01-05;1727927;NA;"1000$";1;1033,47;60;0;14;92
2011-10-01;1765911;"3";"1500$";1;1051,99;62,8;0;9;86
2012-06-18;1413886;"4";"1500$";0;1023,39;61,8;0;14;57
2012-01-22;1514391;"3";"1000$";0;1047,41;44,1;0;9;69
2010-10-19;1436412;"3";"1000$";0;974,09;55,4;0;15;50
2011-11-24;1699128;"4";"1200$";1;1049,64;52,3;1;19;98
2010-06-21;1541173;"1";"1500$";0;1016,85;53,4;0;9;85
2012-03-05;1723180;"2";"1250$";0;954,46;41,3;0;3;90
2012-02-26;1493413;"2";"1200$";1;1101,72;50,9;0;17;94
2010-10-09;1303034;"1";"1000$";0;994,02;67,8;0;17;80
2010-05-03;1738491;NA;"1000$";0;965,86;43,9;0;16;90
2011-01-25;1364638;"4";"1500$";0;1060,75;56,2;0;18;87
2012-09-17;1328805;"3";"1250$";1;1016,53;47,3;0;9;75
2011-11-19;1493413;"2";"1200$";0;1040,62;49,9;0;14;72
2012-08-13;1485903;"2";"1200$";0;997,73;48,2;1;8;54
2010-03-27;1757600;"3";"1000$";0;1022,06;72,5;0;4;89
2011-03-06;1390014;"3";"1000$";0;981,78;41,4;0;9;81
2012-05-17;1547018;NA;"1250$";0;1054,56;70,5;0;3;60
2012-06-13;1419396;"3";"1200$";0;993,34;46,4;0;3;65
2012-04-07;1654119;"5";"1000$";0;972,17;41,4;1;13;81
2010-03-25;1820784;"1";"1000$";1;1022,74;44,7;0;2;66
2010-04-27;1789409;"3";"1200$";0;1041,86;46,8;0;17;60
2012-08-16;1311269;NA;"1250$";0;1103,17;48;1;5;75
2010-04-10;1659193;"2";"1500$";0;1020,26;48,6;0;13;73
2011-03-21;1290476;"1";"1500$";0;952,73;56,1;0;13;88
2010-05-17;1426273;NA;"1500$";0;998,42;49,3;0;7;93
2011-05-05;1738669;"3";"1500$";0;981,85;50;0;7;96
2010-04-20;1497615;"4";"1500$";0;939,52;45,6;0;14;73
2012-06-08;1554731;"4";"1000$";1;1060,02;43,5;1;10;80
2011-01-24;1415835;"5";"1500$";1;989,36;74,2;0;3;80
2012-07-23;1694123;"5";"1250$";0;1013,06;42,5;0;19;100
2010-08-13;1772053;"3";"1500$";1;913,2;47,9;0;19;87
2011-01-22;1339485;"2";"1000$";0;999,68;41,9;0;7;70
2010-11-25;1484267;"5";"1250$";0;1068,35;40,3;0;16;72
2012-03-29;1775351;"2";"1000$";0;1031,74;54,7;1;2;94
2011-01-22;1652557;"3";"1250$";0;1070,7;15,5;0;14;75
2010-06-01;1707857;NA;"1000$";0;989,84;60,7;0;5;100
2010-04-25;1722530;"4";"1500$";0;970,52;65,5;1;7;90
2012-01-08;1355550;"1";"1000$";0;1064,56;54,5;0;13;96
2012-03-13;1338666;"5";"1000$";0;1018,8;67,9;0;10;79
2011-07-09;1475727;NA;"1250$";0;947,74;57,7;0;6;72
2012-07-03;1334476;"2";"1250$";0;959,26;56,1;0;5;85
2010-10-03;1604702;NA;"1250$";1;1037,79;35,6;1;8;79
2010-09-08;1469664;"3";"1000$";1;984,94;44,4;0;12;59
2011-11-01;1694526;"3";"1000$";0;1038,33;46,5;0;19;70
2011-02-16;1591756;"2";"1250$";0;1059,67;61,3;0;15;76
2010-06-06;1770029;"5";"1250$";0;983,97;50,1;0;17;75
2012-05-02;1748742;"1";"1500$";0;973,46;47,3;1;5;61
2012-07-17;1464801;"5";"1250$";1;972,88;55,4;0;3;54
2010-11-09;1401088;"3";"1000$";1;943,3;49,4;0;14;94
2010-08-31;1532563;"4";"1250$";0;998,1;27,4;0;12;61
2012-08-27;1625200;"1";"1000$";0;949,75;40,1;1;6;58
2011-03-21;1782851;"5";"1200$";0;1003,59;39,6;0;18;85
2012-07-22;1237056;"4";"1200$";0;1002,34;61,2;0;7;99
2011-04-05;1764210;"3";"1250$";0;972,98;50,6;0;15;69
2010-07-09;1249425;NA;"1500$";1;1004,8;52,4;0;7;53
2010-05-04;1290124;"2";"1500$";1;980,6;53,7;1;11;71
2010-02-13;1572777;"5";"1200$";1;1033,92;38,8;0;10;75
2010-06-25;1303775;"2";"1500$";0;962,23;49,4;0;5;97
2012-03-22;1424886;"2";"1200$";0;997,69;50,4;1;9;70
2011-04-10;1429692;NA;"1000$";0;956,15;42;0;19;90
2010-04-20;1626650;"1";"1250$";1;989,27;55,2;0;9;68
2010-12-27;1435460;"3";"1250$";0;1037,07;38,7;0;4;59
2010-10-21;1278893;"5";"1500$";0;969,97;47,6;0;18;75
2012-07-14;1278113;"1";"1000$";0;989,88;41,1;0;3;78
2010-10-11;1606722;NA;"1250$";0;1009;32,9;0;8;65
2011-07-28;1257406;NA;"1250$";0;1006,27;43,6;0;9;98
2011-05-21;1284276;"4";"1200$";1;997,22;57,9;0;11;61
2011-02-16;1431146;"2";"1200$";0;955,16;45,1;0;19;100
2012-08-07;1689974;"4";"1500$";0;989,29;54,3;0;18;73
2010-04-27;1498803;"3";"1250$";0;1015,6;44,6;0;4;69
2010-07-31;1758924;"2";"1250$";0;1024,33;23,3;0;4;73
2010-02-19;1624851;"1";"1500$";0;1019,57;66,2;1;14;66
2010-05-17;1276208;"5";"1500$";0;1027,08;42,5;0;11;100
2010-01-13;1356427;"2";"1250$";0;969,37;44,2;1;10;86
2010-03-22;1236693;NA;"1250$";0;987,74;60,6;1;5;78
2012-09-10;1482852;"1";"1200$";0;1000,9;56;0;15;55
2011-11-09;1666080;"1";"1500$";0;1009,16;53,1;0;3;81
2012-01-18;1589729;"3";"1200$";0;987,78;45,9;0;17;56
2011-09-02;1544329;"4";"1200$";1;986,78;42,9;0;12;57
2011-05-09;1831224;"4";"1250$";0;932,72;44,6;0;5;100
2011-06-28;1423501;"5";"1200$";0;978,06;51,7;0;16;85
2011-09-14;1370219;"5";"1000$";0;1044,16;52,1;0;5;93
2012-05-28;1549368;"1";"1200$";0;991,84;52,9;0;16;90
2011-04-23;1723732;"5";"1250$";0;1015,05;51,8;0;13;90
2011-02-23;1802692;"2";"1000$";0;974,94;46,6;0;3;68
2012-02-08;1377364;"5";"1000$";1;1023,42;51,6;0;13;86
2011-09-01;1595585;"1";"1200$";0;979,23;34,9;1;16;81
2012-07-19;1550256;"1";"1250$";0;997,83;48;0;8;52
2011-11-16;1289790;"2";"1250$";0;1057,84;52,5;0;14;99
2012-03-04;1558658;NA;"1250$";0;936,1;60;1;15;95
2010-09-25;1432498;"2";"1250$";0;971,19;41,4;1;8;80
2010-01-11;1304549;"5";"1200$";0;997,55;53,6;1;15;77
2010-10-16;1356034;"2";"1250$";0;978,13;50;0;10;94
2011-12-04;1277304;"4";"1000$";1;982,12;62,3;0;9;93
2010-12-08;1690738;"5";"1000$";0;948,05;49,8;1;12;79
2011-11-11;1679929;NA;"1000$";0;1049,57;47,6;0;5;63
2011-04-07;1520065;"2";"1250$";0;1012,16;77,8;0;10;67
2011-08-09;1409417;"4";"1000$";0;973,84;37,7;1;18;81
2010-10-12;1598383;"5";"1200$";0;1002,37;46,4;0;13;72
2010-12-09;1775694;"4";"1500$";0;1006,68;44,8;1;17;59
2010-06-02;1762729;"5";"1250$";1;959,28;49,3;0;11;68
2011-04-17;1644332;"2";"1000$";0;1007,05;52,7;0;15;56
2011-01-16;1819799;"5";"1200$";0;934,39;60,2;0;16;54
2012-02-15;1306528;"5";"1500$";1;960,35;55,3;0;19;52
2010-03-28;1403341;"1";"1250$";0;999,38;47,6;0;18;77
2012-05-29;1600460;NA;"1200$";0;1047,45;56,9;0;14;76
2011-08-07;1391277;"2";"1200$";0;962,57;57,6;0;6;97
2012-05-10;1326262;NA;"1200$";1;1022,97;34,9;0;19;95
2011-03-21;1805170;NA;"1200$";0;993,22;55,7;0;13;84
2012-04-30;1243125;"2";"1500$";0;1050,03;36,7;0;17;67
2010-08-24;1257123;"2";"1000$";0;994,35;50,3;0;8;59
2012-08-27;1245693;"3";"1250$";1;1070,24;47,3;1;3;59
2011-04-13;1447417;NA;"1200$";0;998,47;60,5;0;8;74
2010-01-19;1303653;"2";"1500$";0;1048,78;48,8;0;16;56
2010-06-22;1495509;"2";"1250$";1;946,6;34,7;0;9;85
2011-07-28;1547390;"1";"1200$";0;1025,02;58,6;0;19;77
2010-04-11;1653756;"1";"1250$";0;978,99;36;0;9;57
2010-12-02;1671677;"2";"1250$";1;990,04;54,1;0;11;96
2010-12-30;1598374;"1";"1200$";0;977,04;62,5;0;3;61
2012-03-28;1695670;NA;"1200$";0;1031,14;62,1;1;15;64
2010-09-18;1741917;"3";"1000$";0;1040,99;48,2;0;13;75
2011-10-01;1765602;"1";"1000$";0;946,01;60,2;1;8;95
2012-03-20;1538789;"4";"1500$";1;941,45;42,5;0;12;57
2011-03-25;1654864;"3";"1000$";0;956,58;26,8;0;17;68
2012-01-09;1474250;"3";"1000$";0;994,03;60,1;0;6;76
2012-09-25;1316640;"3";"1500$";0;982,12;48,3;0;10;66
2011-06-16;1245054;"3";"1200$";0;998,05;46,1;0;18;53
2012-06-27;1745593;"3";"1000$";1;1066,15;57,7;0;3;91
2010-02-11;1312146;"2";"1200$";0;973,17;49,7;0;9;93
2011-05-28;1408869;"1";"1250$";1;1021,88;41,2;0;7;52
2012-02-25;1575547;"3";"1000$";0;953,55;70,4;0;6;95
2012-04-15;1301446;NA;"1250$";0;977,69;47,5;1;10;68
2011-05-29;1825376;"4";"1250$";1;997,09;60,8;0;11;77
2011-05-24;1547457;NA;"1250$";0;957,98;47,7;0;11;67
2010-08-28;1413116;"2";"1500$";0;992,92;29,9;0;17;60
2010-03-25;1367944;"3";"1250$";0;973,78;37,6;0;16;57
2011-06-11;1729416;"5";"1200$";0;1003,67;43,2;0;14;53
2012-05-31;1749525;"4";"1000$";0;1088,42;49,8;0;11;85
2012-06-22;1635656;"5";"1250$";0;960,57;76;1;5;98
2011-06-18;1578904;"3";"1250$";0;1018,26;37,2;0;3;88
2011-07-05;1475893;"2";"1000$";1;1046,23;77,7;0;15;85
2010-04-05;1814313;"3";"1500$";1;994,11;39,7;0;15;91
2011-08-02;1724492;NA;"1500$";0;1047,52;53,5;0;6;54
2011-09-08;1450380;"5";"1500$";0;1010,7;36,3;0;18;77
2011-09-17;1491189;NA;"1000$";0;945,93;54,9;0;3;68
2012-05-14;1649938;"1";"1200$";1;997,57;74;0;14;75
2011-07-31;1236840;"1";"1500$";1;904,46;40;1;12;77
2012-02-25;1270195;NA;"1250$";0;1018,24;45,2;0;18;73
2011-11-03;1701259;"3";"1250$";0;957,24;52,6;0;4;100
2011-10-27;1679693;"2";"1000$";0;1039,39;51,4;0;11;53
2010-07-30;1728182;"1";"1250$";0;950,78;48,7;1;9;97
2010-04-14;1619035;"2";"1250$";0;1040,94;44;0;13;86
2010-05-05;1236633;"1";"1500$";1;1012,98;49,5;0;17;89
2010-10-24;1360358;"3";"1200$";1;978,08;66,2;1;8;66
2012-04-13;1819591;NA;"1250$";1;917,51;51,8;0;18;86
2012-08-11;1588107;"3";"1000$";0;959,4;60,2;0;6;58
2012-09-15;1703326;"2";"1250$";0;1009,08;45,2;0;8;58
2011-10-07;1700013;NA;"1200$";0;978,26;50,2;0;6;97
2010-11-02;1483130;"5";"1250$";0;1008,86;71,1;1;9;87
2011-04-13;1588221;"3";"1500$";0;1012,77;33,1;0;2;69
2011-07-17;1245265;"1";"1500$";1;1006,02;53,2;1;13;71
2011-03-05;1614151;"2";"1500$";1;949,26;48,7;0;11;63
2012-07-06;1362132;"5";"1500$";0;962,15;37,9;0;8;89
2010-06-26;1788673;"3";"1250$";0;1007,34;66,6;0;17;68
2011-05-12;1691368;"1";"1500$";0;1027,97;43;0;16;78
2012-02-25;1236427;"1";"1200$";1;1029,55;45,1;0;3;69
2011-02-04;1298067;NA;"1200$";0;984;58,5;0;18;96
2010-03-01;1424270;"5";"1500$";0;1022,93;51,9;0;4;90
2011-03-11;1793021;"5";"1250$";1;990,06;37;0;17;68
2010-11-02;1534905;"2";"1200$";0;1069,31;42,1;0;18;72
2010-03-14;1582005;"3";"1200$";0;1060,19;42,9;0;18;73
2010-03-27;1505344;"4";"1250$";1;979,64;45,5;0;18;100
2011-12-09;1578661;"3";"1200$";1;1019,61;50,4;1;10;51
2010-03-21;1510696;NA;"1500$";1;1009,5;24,2;0;13;61
2012-09-14;1468005;"2";"1000$";0;972,5;53,1;0;11;64
2011-10-03;1388395;"5";"1250$";0;997,55;46,2;0;15;59
2012-06-21;1590732;"3";"1000$";0;1019,33;52,7;0;10;54
2011-12-29;1316930;NA;"1000$";0;992,97;42,8;0;14;85
2011-05-01;1596696;"4";"1200$";0;943,71;48;0;14;95
2011-03-02;1764974;"2";"1500$";1;1064,75;69;0;3;84
2010-12-17;1603650;"1";"1250$";0;941,49;59,2;0;5;87
2011-10-21;1370310;"1";"1200$";0;964,5;45,6;0;3;51
2010-05-23;1494423;"3";"1250$";1;1024,6;40,7;0;6;54
2012-02-25;1520713;"3";"1200$";1;921,83;47,9;0;13;70
2012-09-09;1248640;"1";"1500$";1;1098,82;59,5;0;15;55
2011-12-07;1678254;NA;"1200$";0;953,84;27,7;1;7;58
2011-12-18;1680361;"5";"1000$";0;971,83;32,8;0;19;55
2012-08-23;1381018;"5";"1000$";1;994,09;71,7;1;8;89
2011-01-03;1454669;"5";"1250$";0;962,81;54,6;0;11;50
2011-03-24;1611765;NA;"1000$";0;965,71;36;0;15;64
2011-05-17;1450770;"1";"1250$";1;1029,07;51,8;0;19;55
2010-05-23;1566192;"3";"1500$";0;972,22;63,3;0;3;96
2010-04-26;1513089;"4";"1250$";0;1029,62;36,6;0;11;55
2012-09-07;1646867;"2";"1200$";0;980,98;43,9;1;10;87
2010-02-24;1593929;"1";"1250$";0;1085,32;59,7;0;8;99
2011-04-30;1674630;NA;"1250$";0;999,88;47,5;1;9;57
2011-01-13;1602516;NA;"1000$";0;954,75;50,8;0;7;62
2010-02-24;1302941;"1";"1500$";0;1017,97;61,6;0;7;60
2011-05-04;1393452;"5";"1250$";1;937,29;54,5;0;5;68
2010-06-06;1690424;"1";"1250$";0;1034,7;62;0;9;97
2010-12-12;1755173;"1";"1200$";0;1068,23;50,1;1;11;50
2011-05-05;1635816;"5";"1200$";0;977,85;54;0;19;78
2011-04-21;1305994;"2";"1250$";0;1054,4;49,5;0;16;61
2010-08-18;1695599;"4";"1200$";0;931,26;45,5;0;18;81
2011-04-04;1612875;"3";"1500$";0;1019,93;54,5;0;11;60
2010-01-19;1296202;"5";"1200$";0;980,83;39,6;0;13;99
2010-10-01;1753534;"1";"1500$";0;1043,42;51,4;0;3;58
2012-06-23;1548292;"4";"1200$";0;1035,73;47;0;9;87
2010-01-18;1542450;NA;"1500$";0;982,72;68;0;4;62
2011-04-12;1563011;"2";"1000$";0;1002,53;62,5;0;8;88
2011-08-06;1402775;"3";"1250$";0;1097,82;30,4;0;7;81
2012-07-11;1430384;"2";"1200$";0;1004,42;36,6;0;15;55
2010-05-24;1352460;"4";"1250$";0;1046,48;44,6;0;15;97
2011-10-14;1672855;"1";"1250$";0;970,18;56,1;0;2;71
2011-01-23;1260530;NA;"1200$";0;1029,24;56,1;0;15;51
2011-05-10;1365721;"1";"1000$";0;1072,52;49,4;0;5;62
2011-12-02;1826678;"4";"1000$";0;1000,39;58,5;0;20;68
2011-12-14;1487664;"5";"1500$";1;981,48;51,4;1;13;64
2012-07-06;1313259;"1";"1250$";0;1031,59;53;0;12;63
2012-05-10;1700462;"4";"1200$";0;996,17;69,5;0;12;74
2011-10-21;1271202;NA;"1250$";0;1031,7;47,9;0;3;61
2012-04-13;1793479;"1";"1250$";0;1016,71;48;0;6;73
2011-08-27;1476902;"1";"1000$";1;1022,75;46,3;1;7;67
2010-03-01;1618730;"3";"1000$";0;932,28;44,2;0;14;59
2011-01-14;1636028;"5";"1250$";1;1030,2;64,2;0;3;60
2011-09-08;1569173;"4";"1250$";1;982,48;48,1;0;14;88
2011-03-25;1750419;"1";"1250$";0;1025,65;54,8;0;14;51
2010-12-08;1340677;"3";"1250$";1;1043,29;37,6;0;6;78
2011-05-10;1508932;NA;"1500$";0;942,66;61;0;18;57
2012-03-27;1785432;NA;"1200$";1;1011,46;62,3;0;14;69
2011-10-10;1814738;"1";"1250$";0;991,16;58,4;0;6;83
2012-03-07;1523686;"2";"1000$";1;972,91;46,3;0;12;85
2012-07-22;1760702;"2";"1200$";1;1006,09;51,1;0;4;82
2011-08-30;1810999;"1";"1500$";0;1050,68;54,3;0;4;77
2010-07-18;1429859;"1";"1200$";1;1021,69;59,2;0;10;66
2012-06-19;1748794;"3";"1200$";0;1032,3;69,6;0;5;84
2011-10-15;1401658;NA;"1000$";1;996,99;48,5;0;15;83
2011-06-29;1547097;"3";"1500$";0;955,64;42,7;0;18;65
2012-05-03;1461038;NA;"1500$";1;931,94;62,3;0;5;52
2011-09-05;1704154;"4";"1000$";1;970,61;61,2;1;14;90
2011-05-18;1435758;NA;"1500$";0;908,93;52,7;1;17;77
2012-04-06;1772189;"4";"1250$";0;958,72;53,3;1;13;84
2011-12-09;1739774;"1";"1500$";0;979,42;49,5;0;16;63
2012-07-21;1306807;"3";"1250$";1;1026,7;63,1;0;5;65
2012-03-02;1488310;"2";"1000$";1;985,38;41,5;0;4;83
2011-08-18;1795251;"2";"1200$";0;992,76;47,8;1;20;76
2011-08-17;1323136;"2";"1250$";0;1039,7;44;0;17;82
2011-01-10;1629891;"5";"1250$";0;999,41;50,2;0;4;75
2011-03-10;1328188;"5";"1250$";0;943,02;48,8;0;16;87
2011-12-01;1689816;"4";"1250$";0;954,32;38,1;0;13;59
2010-11-15;1501708;"2";"1500$";0;1093,12;62,7;0;13;96
2012-01-14;1693124;"2";"1500$";1;997,03;55,8;1;14;68
2011-11-22;1448433;"5";"1500$";0;1027,23;41,8;0;19;69
2010-01-31;1685994;"4";"1200$";1;1012,59;44,5;0;11;91
2010-10-01;1468910;"5";"1500$";0;1049,89;35,7;0;8;76
2011-09-01;1681158;"1";"1250$";0;967,75;51,6;1;13;59
2011-03-13;1626960;"3";"1250$";1;1014,32;42,1;0;18;66
2011-10-13;1823700;"3";"1250$";0;1000,74;22,6;0;10;82
2010-08-15;1263413;NA;"1500$";1;992,32;54,8;1;19;98
2011-09-01;1613385;"5";"1000$";0;1055,65;54,2;0;10;61
2010-03-19;1385336;"2";"1000$";0;921,39;53,2;0;19;64
2010-03-22;1410812;NA;"1250$";1;937,65;51,4;0;9;54
2011-04-13;1689814;"3";"1500$";0;1012,34;43,5;0;18;88
2012-04-28;1557175;NA;"1200$";0;953,45;43,6;0;18;65
2010-02-19;1331356;"1";"1000$";0;968,76;58,1;1;9;76
2011-11-07;1629840;"1";"1000$";0;1014,45;54,5;1;4;88
2010-10-05;1473362;"5";"1200$";0;1034,02;46,7;1;16;66
2012-07-20;1621237;"3";"1200$";0;1036,28;50,9;0;19;68
2010-08-11;1728958;"4";"1250$";0;1031,98;58,5;0;13;52
2011-08-31;1724977;"3";"1200$";0;1004,01;52,7;0;4;75
2010-09-08;1310330;"3";"1250$";0;1009,12;47,4;0;9;61
2011-01-24;1695447;"3";"1200$";0;914,78;63,6;0;3;98
2012-02-19;1314705;"1";"1500$";0;1021,71;43,5;0;2;67
2011-07-25;1425054;"2";"1200$";0;945,11;42;0;15;55
2011-12-01;1424098;"3";"1000$";1;987,91;53,9;0;11;87
2011-04-28;1334959;"2";"1000$";0;1035,97;55,9;0;9;98
2011-06-19;1433713;"2";"1200$";1;940,11;52,2;0;14;98
2012-09-17;1782180;"4";"1250$";0;982,35;64,8;1;10;59
2012-03-28;1774053;"2";"1200$";0;964,97;39,3;0;14;68
2011-08-29;1396892;NA;"1000$";0;974,78;40,4;0;3;80
2011-11-20;1590966;"5";"1250$";1;948,56;58,8;1;17;82
2011-10-12;1508991;NA;"1000$";0;978,37;38,6;0;3;82
2011-11-03;1432704;"1";"1500$";0;1029,81;56;0;17;56
2010-12-23;1407786;"1";"1000$";0;972,38;55;0;18;71
2011-07-03;1636491;"3";"1250$";1;1011,9;50,6;0;19;64
2010-06-09;1238843;NA;"1250$";0;984,37;49,3;0;16;88
2012-02-14;1241199;"3";"1500$";0;995,02;40,8;0;18;78
2010-03-08;1478686;"3";"1250$";0;998,13;43,6;0;4;67
2010-02-07;1548976;NA;"1500$";1;1032,5;45;0;4;79
2011-06-10;1321568;"2";"1200$";0;955,29;35,3;1;20;94
2010-06-19;1827383;"4";"1000$";0;1070,91;54,1;0;17;74
2012-03-10;1756877;"4";"1000$";0;1015,19;55,2;0;5;64
2011-08-22;1655296;"4";"1250$";1;1055,64;54,8;1;14;93
2010-09-07;1436381;"3";"1000$";0;1057,35;40,3;1;6;80
2012-08-21;1662962;"3";"1500$";0;1035,32;69,2;1;10;98
2010-03-20;1575295;"1";"1000$";0;954,77;52;0;16;89
2011-10-02;1441081;NA;"1250$";1;1028,88;58,7;0;7;68
2010-10-04;1584180;"5";"1200$";0;1003,05;38,5;0;15;85
2011-11-26;1651246;"2";"1200$";0;1007,43;50,9;0;4;55
2011-07-19;1706337;"5";"1200$";0;1014,64;54,9;0;5;96
2010-08-16;1809010;"1";"1000$";1;960,56;41,5;0;17;80
2011-10-15;1357844;"2";"1000$";0;973,46;67,8;0;13;63
2011-11-22;1737886;"5";"1500$";1;946,3;53,2;0;10;85
2011-02-05;1506578;"2";"1250$";0;1021,39;44,1;0;9;90
2012-03-29;1245979;"3";"1200$";1;990,69;65,1;0;11;76
2010-06-27;1441927;NA;"1200$";0;911,33;42,2;0;11;78
2012-04-24;1607344;"1";"1200$";1;1013,35;58,5;0;10;54
2012-08-29;1248088;"2";"1250$";0;990,13;46,6;0;10;96
2010-08-08;1531026;"3";"1000$";0;1041,9;45,2;1;8;61
2011-01-23;1504217;NA;"1250$";0;1025,84;58,8;0;7;71
2011-12-02;1290360;"4";"1250$";0;1007,2;56,3;1;14;76
2011-04-28;1463767;NA;"1500$";0;969,95;42,9;0;2;80
2011-03-21;1385331;"5";"1500$";0;1037,71;38,1;0;6;84
2012-06-22;1809797;"2";"1250$";1;932,04;71,2;0;19;76
2012-06-15;1529149;NA;"1250$";0;1031,91;49,3;0;5;93
2011-11-13;1267643;"5";"1500$";0;952,6;52,1;0;18;50
2012-07-27;1456028;"3";"1500$";1;991,02;49,7;1;3;70
2010-07-22;1733162;"3";"1200$";0;1002,41;50,3;0;12;77
2010-10-30;1554934;"5";"1000$";0;988,03;54,3;1;15;54
2011-12-13;1337708;"3";"1250$";1;1070,6;34;0;17;85
2010-07-22;1739353;"3";"1500$";1;1017,55;49,1;0;16;92
2010-04-02;1326037;"3";"1250$";0;957,76;33;0;10;58
2011-09-03;1302777;"2";"1500$";0;983,38;43,3;1;20;50
2011-11-10;1295517;"3";"1000$";0;983,16;41,6;0;6;65
2011-04-15;1487765;"1";"1000$";0;1088,84;67,7;0;12;73
2011-01-28;1318516;"3";"1200$";0;1029,49;44,7;0;6;89
2010-11-04;1524779;"1";"1500$";0;1000,24;43,9;0;12;54
2010-03-07;1329517;"1";"1200$";0;965,1;51,1;0;4;63
2010-10-22;1789153;"5";"1250$";0;964,18;51,5;0;5;90
2011-08-13;1678795;"3";"1250$";1;1063,98;50,6;1;19;74
2012-02-21;1376426;"2";"1000$";0;995,63;56,6;0;14;70
2010-06-16;1779346;"5";"1000$";0;993,49;54,5;0;13;73
2011-04-13;1437056;"2";"1250$";0;984,09;52,7;0;3;72
2011-10-27;1543974;"3";"1250$";0;996,75;27;0;19;62
2012-08-14;1387963;"5";"1200$";1;994,67;29,7;0;14;85
2012-02-10;1269155;"2";"1000$";0;961,26;46,8;0;16;77
2012-06-07;1585674;NA;"1500$";0;1014,95;50,8;0;4;62
2010-02-07;1764582;NA;"1000$";0;1036,52;47;0;19;70
2011-09-13;1565911;"5";"1500$";0;1045,64;51,4;0;4;69
2010-09-05;1359144;"3";"1500$";0;950,2;39,8;0;19;54
2010-01-27;1238317;NA;"1250$";0;1024,83;53,4;0;11;99
2011-06-18;1309263;"5";"1250$";1;1048,18;56,5;0;5;82
2011-12-17;1806758;"1";"1500$";1;939,27;67,7;0;17;55
2010-05-24;1296382;NA;"1000$";0;1039,38;42,9;0;11;60
2011-05-13;1823501;NA;"1500$";1;1012,41;60,8;0;5;90
2012-01-23;1750943;"2";"1000$";0;981,81;54,2;0;6;84
2011-03-22;1388596;"5";"1500$";0;986,79;41,6;0;16;67
2011-06-12;1321136;"5";"1000$";1;956,53;48,4;1;4;94
2010-06-11;1266500;"4";"1500$";1;1088,2;46;0;5;50
2011-11-15;1418351;"1";"1500$";0;963,36;54,3;0;17;91
2012-06-09;1498153;"1";"1200$";0;1004,04;45,8;0;10;69
2012-02-13;1419917;"1";"1200$";0;1027,52;34,2;0;9;98
2012-02-12;1522725;NA;"1250$";1;1052,67;47,1;0;4;86
2012-03-29;1774661;"5";"1200$";0;988,9;37,1;1;7;62
2012-02-11;1599318;"2";"1250$";0;982,65;49,2;0;5;62
2011-02-06;1807792;"4";"1200$";1;983,02;32,5;0;7;94
2011-01-22;1377092;"5";"1200$";0;1037,27;40,1;0;11;73
2012-01-15;1759139;"3";"1250$";0;956,43;50;0;14;63
2012-03-18;1320120;"3";"1000$";1;995,83;72,8;0;19;95
2011-04-13;1511533;"3";"1250$";0;960,06;59,6;1;9;65
2010-12-16;1542180;"4";"1000$";0;1059,38;62,6;0;17;53
2012-06-18;1771187;NA;"1500$";0;963,19;50,8;1;9;75
2011-04-24;1370266;"1";"1250$";0;978,2;49,3;0;12;61
2010-09-15;1292230;"3";"1000$";0;1027,22;44,6;0;2;89
2012-03-10;1701781;"4";"1200$";0;940,51;69,4;0;10;67
2011-03-01;1621162;"2";"1500$";0;1037;68,9;0;5;96
2012-03-31;1698551;"2";"1500$";0;1023,22;46,5;0;13;54
2010-12-11;1632256;"1";"1000$";1;1013,67;60,3;0;20;68
2010-05-16;1605364;NA;"1500$";1;994,58;35,3;1;19;57
2010-12-26;1636537;"1";"1200$";0;1024,73;51,9;0;11;73
2010-12-31;1709169;"3";"1500$";1;982,48;67,1;0;11;97
2011-12-14;1258072;"1";"1500$";0;1020;63,9;0;4;84
2011-01-02;1834146;"1";"1000$";0;989,01;42,4;1;17;54
2011-01-08;1500778;"2";"1200$";1;937,58;45,7;0;9;64
2010-07-01;1751461;"4";"1500$";0;975,36;44,9;0;9;84
2010-05-01;1475524;"2";"1500$";0;951,78;55,4;1;6;98
2011-10-10;1264408;NA;"1250$";0;974,72;43,9;0;15;79
2010-11-04;1834392;"3";"1000$";1;933,61;63,1;1;14;68
2010-05-20;1409729;"4";"1000$";0;974,34;39,4;0;14;65
2010-11-25;1713427;"4";"1250$";0;1020,68;30,7;0;14;64
2010-12-17;1682981;NA;"1500$";1;984,01;31,4;0;3;89
2012-06-03;1786369;"5";"1250$";0;984,41;48,6;0;15;77
2012-01-30;1775674;"3";"1200$";0;934,91;51,2;0;12;61
2010-03-20;1703879;"3";"1500$";0;914,9;66,4;0;18;60
2010-12-26;1504508;"4";"1500$";0;1001,87;45,4;0;4;72
2012-02-14;1505566;"3";"1000$";0;1064,8;51,5;0;18;71
2010-11-20;1806899;"5";"1250$";0;1020,04;66,8;0;14;71
2012-09-14;1307633;"5";"1250$";0;1044,13;48;0;19;79
2010-12-05;1643494;NA;"1200$";0;1014,66;32,7;0;13;52
2010-12-13;1771387;NA;"1500$";0;1045,89;54,9;0;16;57
2010-01-06;1324701;NA;"1200$";1;1043,76;46,8;1;14;97
2010-07-29;1660016;"5";"1250$";1;960,06;41;0;17;84
2012-07-01;1560537;"2";"1000$";0;937,22;50,6;1;3;56
2011-02-19;1416336;"2";"1500$";0;998,65;59,3;0;5;79
2011-12-08;1758196;"5";"1000$";0;1020,14;36,2;0;11;82
2011-11-21;1618122;"3";"1000$";0;997,64;71,1;1;15;79
2012-01-24;1363672;"5";"1200$";0;963,52;44,9;0;2;76
2011-01-11;1502966;"1";"1000$";0;995,52;49,4;0;3;98
2010-12-25;1260035;"3";"1000$";0;1059,14;48,4;0;2;70
2010-01-20;1380057;"2";"1000$";0;917,24;43,6;0;5;82
2010-06-28;1519655;NA;"1250$";1;1057,6;35,8;0;12;75
2010-03-16;1760661;"2";"1500$";0;1039,69;49,2;0;4;72
2010-10-03;1448899;NA;"1000$";0;976,81;64,1;0;15;85
2010-05-07;1507603;"4";"1200$";1;961,19;65,2;0;14;61
2011-01-14;1822232;"1";"1500$";1;983,51;27,3;0;17;77
2010-08-04;1588972;"3";"1250$";1;982,51;55,5;0;19;89
2011-02-18;1541763;"4";"1500$";1;1006,21;34,4;0;3;89
2010-08-02;1603613;"1";"1200$";1;1049,21;47,9;0;2;77
2010-01-20;1544020;"5";"1000$";0;1039,39;59,2;0;14;89
2011-01-10;1426139;"2";"1500$";0;1062,61;40,5;0;16;72
2010-01-19;1248341;"1";"1000$";1;945,61;46,5;0;5;85
2010-07-18;1320146;"3";"1200$";1;877,17;31,8;0;6;58
2012-09-09;1721371;"1";"1000$";0;936,69;50,3;0;8;53
2012-05-06;1558003;"4";"1500$";0;1001,44;56,9;0;4;67
2012-03-11;1391435;"2";"1500$";0;926,93;51,2;0;4;66
2010-02-17;1535926;NA;"1000$";0;988,49;55,2;0;16;83
2011-08-27;1806005;"5";"1500$";0;1000,72;49,8;0;16;71
2012-03-13;1472744;"5";"1000$";0;968,47;68,9;0;13;69
2012-04-04;1527718;NA;"1000$";0;1020,28;63,4;0;12;83
2011-10-15;1710507;NA;"1500$";1;1003,09;55,1;0;10;98
2011-10-13;1535604;"5";"1250$";0;947,21;54,2;0;12;71
2011-06-12;1694284;"2";"1250$";1;1064,7;52,6;0;14;93
2012-02-10;1499635;"2";"1200$";0;1126,34;53,3;0;12;63
2011-02-13;1366752;"3";"1250$";0;972,65;59,2;0;8;75
2010-11-28;1249910;"4";"1000$";0;1039,87;42;0;17;64
2011-05-16;1370778;"1";"1000$";1;1037,85;46,5;0;18;94
2011-05-29;1390580;"4";"1200$";0;1005,06;58,3;0;3;87
2010-12-07;1786360;"5";"1500$";0;900,25;49,2;0;18;59
2012-04-15;1357923;NA;"1200$";1;1036,72;52;0;16;64
2011-01-28;1546795;"5";"1000$";1;971,44;60,2;0;20;52
2012-05-15;1595032;"2";"1200$";0;979,06;36,9;0;10;84
2012-09-23;1573316;NA;"1500$";0;1035,29;36,6;1;20;52
2010-10-21;1488860;NA;"1500$";0;1006,58;47,9;0;19;96
2010-11-06;1574537;"4";"1000$";1;969,58;52,7;0;18;99
2010-01-11;1676580;"1";"1200$";1;946,84;46,8;0;7;74
2012-01-19;1355804;"1";"1000$";0;1071,44;33,9;0;18;95
2011-06-25;1645158;NA;"1500$";0;1003,41;48;0;12;57
2010-11-28;1389072;"4";"1250$";0;1008,9;61,6;0;8;66
2010-06-26;1526095;"4";"1500$";0;997,76;45,3;1;19;61
2011-07-08;1790257;"5";"1000$";0;986,09;33,8;0;14;77
2010-10-20;1685068;"5";"1200$";0;1001,75;59,4;0;19;76
2010-05-07;1762988;"4";"1500$";1;1006,86;31,3;0;11;67
2011-05-04;1671157;"1";"1200$";0;1007,58;49;0;7;59
2010-05-09;1282332;"3";"1250$";0;1018,16;41,2;0;19;77
2012-03-24;1661347;"4";"1500$";0;1057,44;57,1;0;14;87
2010-11-19;1681467;NA;"1500$";0;1021,07;60,8;0;4;58
2010-10-13;1713343;"5";"1500$";0;1092,16;64,4;0;18;71
2010-09-30;1560693;NA;"1000$";0;1006,24;55,7;0;6;58
2011-07-27;1668745;"2";"1200$";0;1037,13;56,6;0;5;71
2010-10-07;1707678;"2";"1200$";0;1018,14;60,9;0;4;70
2012-09-11;1472664;"2";"1250$";0;971,26;45,3;0;9;96
2010-01-13;1561422;"2";"1250$";0;1009,26;57,7;0;3;53
2012-08-16;1239620;"3";"1000$";1;1006,04;49;1;5;76
2010-06-25;1663750;"1";"1200$";1;997,66;43,8;1;20;63
2012-06-18;1824305;"1";"1200$";0;1062,06;72,7;0;11;95
2010-08-23;1529165;"3";"1500$";1;984,34;49,3;0;14;56
2012-08-10;1446925;NA;"1200$";0;998,73;59,9;0;17;96
2012-03-11;1305931;"1";"1200$";1;1075,8;44,5;0;2;84
2010-11-24;1237882;"4";"1000$";1;1039,13;52,3;0;20;58
2011-12-21;1492059;"3";"1250$";1;1037,16;45,4;0;19;50
2010-01-02;1602679;"2";"1000$";0;984,7;59;0;7;65
2011-04-12;1832851;"4";"1250$";0;987,73;57,7;0;10;89
2011-12-08;1453270;"1";"1250$";0;1032,5;43,9;0;9;84
2010-12-08;1774889;"3";"1500$";0;992,75;55,5;1;8;96
2011-11-16;1760362;"5";"1000$";0;995,7;53,8;1;11;54
2011-09-22;1339202;"1";"1500$";0;916,1;52,8;0;7;53
2011-11-12;1557766;"2";"1200$";0;1060,08;41,9;0;9;55
2012-02-20;1422818;"5";"1500$";1;1027,04;38;0;13;71
2012-08-28;1490246;NA;"1500$";0;969,45;34,3;0;19;55
2011-02-18;1287367;"4";"1000$";1;990,99;41,1;0;4;53
2012-01-16;1549202;"3";"1250$";0;935,36;39,9;0;13;88
2012-04-07;1810639;"5";"1250$";0;1007,9;77,7;0;14;95
2011-04-12;1512373;"4";"1500$";0;975,09;35,5;0;13;76
2010-10-03;1519886;"3";"1000$";0;945,7;70,5;0;13;52
2011-04-01;1376943;"5";"1000$";0;966,24;61,7;0;4;81
2011-09-22;1266307;"2";"1250$";0;934,61;44,8;0;18;73
2011-08-02;1673051;"4";"1000$";0;1033,92;56,6;0;8;67
2010-02-22;1699126;NA;"1200$";1;1005,78;58,1;0;5;69
2010-03-20;1673075;"1";"1500$";1;1050,63;49,9;0;3;97
2012-01-17;1572925;"4";"1000$";0;961,49;54;0;5;92
2011-05-21;1676831;"3";"1250$";0;1020,48;55,3;0;17;69
2012-08-31;1331267;"2";"1500$";0;1010,05;57,6;0;13;98
2010-11-01;1417685;"2";"1500$";0;961,22;38,4;1;8;78
2012-09-02;1575411;NA;"1000$";0;1024,63;54,2;0;15;77
2010-04-03;1741048;"2";"1500$";0;1003,57;43,8;0;9;77
2011-01-14;1470883;"3";"1200$";1;1024,84;42,2;0;17;85
2011-08-13;1461969;"1";"1250$";0;1000,33;44,7;0;20;73
2012-06-06;1753189;"4";"1250$";0;940,53;61,7;0;20;63
2011-09-27;1551059;"3";"1500$";1;985;48,7;0;17;85
2011-07-21;1788524;"2";"1500$";1;1019,56;58,9;0;17;50
2011-05-13;1540271;"5";"1500$";0;988,34;40,8;0;12;81
2011-11-08;1719313;"5";"1000$";0;946,51;43,2;0;9;78
2010-07-13;1360789;"4";"1000$";0;1020,05;46,4;0;8;89
2011-09-22;1393895;"5";"1250$";1;1059,2;45,3;0;17;86
2010-12-14;1400563;"4";"1250$";0;1052,41;47,4;0;14;78
2010-08-12;1756848;"4";"1200$";0;1036,4;57,9;0;16;97
2011-01-11;1702871;"5";"1000$";1;990,03;42,7;0;17;76
2011-07-24;1325065;"1";"1000$";0;973,72;62,4;0;18;93
2011-05-29;1746085;"2";"1200$";0;1049,73;39,5;0;16;74
2012-05-31;1666545;"4";"1250$";0;971,48;33,7;0;13;99
2010-06-07;1760316;NA;"1000$";0;1004,58;49,2;0;11;69
2011-06-07;1649942;NA;"1500$";0;1019,25;53,6;0;5;68
2012-04-23;1773504;"3";"1000$";0;972,32;39,5;0;12;67
2010-02-16;1435124;"5";"1000$";0;995,58;38,9;0;3;53
2010-10-30;1261038;"2";"1500$";0;1046,01;46,9;0;9;87
2011-03-27;1573313;"1";"1000$";0;1004,09;57,1;1;15;53
2012-04-17;1513578;"2";"1250$";0;980,46;36,2;0;11;54
2010-09-19;1653625;"1";"1200$";0;1023,68;56,2;1;8;82
2010-03-28;1659472;"5";"1250$";0;1130,82;78,7;0;15;59
2010-01-07;1256699;NA;"1250$";0;973,11;52,3;0;2;64
2010-04-01;1390015;"4";"1200$";0;961,68;56,4;1;15;71
2011-01-30;1591381;"5";"1500$";0;1006,28;42,1;0;6;66
2011-06-29;1407347;"1";"1000$";0;954,98;50,2;0;15;94
2010-02-21;1395375;"3";"1250$";0;1021,39;55,5;0;16;87
2010-02-22;1588844;"4";"1500$";0;956,48;55,8;0;18;72
2011-12-29;1677957;"2";"1200$";0;1042,22;71,1;1;17;94
2011-12-16;1437493;"4";"1000$";0;1050,97;49,2;1;5;92
2010-05-02;1314187;"5";"1200$";0;935,73;46,7;0;9;61
2011-04-20;1515439;"2";"1250$";0;979,13;64;0;11;90
2012-06-09;1589518;NA;"1200$";0;1011,05;32,5;0;4;99
2011-06-30;1413905;NA;"1000$";1;1097,68;46,7;0;15;82
2011-02-06;1393406;"5";"1000$";0;1066,53;44,8;0;17;68
2010-05-02;1248441;"1";"1000$";0;1047,24;42,1;0;8;59
2010-05-04;1624977;"5";"1250$";0;974,07;46,9;0;10;62
2010-10-09;1540637;NA;"1500$";0;1024,5;38,3;1;12;57
2010-03-08;1821889;NA;"1250$";0;1003,5;47,1;0;17;68
2011-11-21;1503254;NA;"1000$";0;947,08;60;1;8;69
2010-04-25;1348850;"4";"1200$";0;968,47;37,2;0;8;94
2011-10-27;1601773;"3";"1000$";0;1048,73;47,6;0;3;85
2010-07-30;1618882;"2";"1500$";0;1063,62;41,2;0;13;93
2011-03-18;1503895;"1";"1200$";0;964,41;62,9;0;18;57
2011-03-15;1448345;"1";"1000$";0;1008,68;41,6;0;18;96
2010-11-05;1389451;"3";"1250$";0;996,69;40,4;0;11;85
2012-04-14;1269861;NA;"1200$";1;1003,89;39;0;16;67
2011-12-20;1678222;"1";"1200$";0;972,67;35,3;0;16;77
2012-03-15;1553119;"2";"1500$";0;1018,36;50,4;0;14;71
2011-06-03;1241215;"3";"1500$";0;1005,5;47,5;0;7;81
2010-10-11;1513057;"4";"1000$";1;956,82;60,9;0;15;75
2010-02-23;1771162;"2";"1000$";0;1043,41;49,6;0;20;64
2012-01-29;1628940;"4";"1200$";0;992,11;62,2;0;14;68
2011-01-30;1584710;"5";"1000$";0;961,08;56,2;0;8;69
2011-03-18;1831091;"3";"1000$";0;1001,59;53,7;1;6;85
2012-03-18;1644390;"5";"1250$";0;1077,92;52,2;1;19;86
2011-09-25;1778359;"3";"1250$";0;987,09;35,3;0;10;87
2011-08-08;1660983;"5";"1200$";0;989,06;72;0;2;76
2011-03-01;1493374;"5";"1200$";0;996,03;49,4;0;11;66
2012-05-06;1517211;"3";"1000$";0;1071,86;56,4;0;6;79
2010-10-03;1634052;"2";"1200$";0;1029,16;28,2;1;20;55
2011-12-01;1809714;"2";"1500$";0;932,08;70,7;0;6;93
2011-12-07;1608658;"3";"1250$";1;946,52;52,8;0;14;62
2010-04-02;1833220;"1";"1000$";1;953,99;51,7;1;5;74
2011-02-03;1828257;"1";"1000$";0;925,7;54,9;0;8;52
2010-09-21;1505563;"3";"1250$";0;1017,04;78,4;0;4;52
2010-05-27;1616129;"4";"1000$";0;1032,35;40,8;0;12;57
2010-06-23;1373952;"3";"1250$";0;1026,96;56,2;0;7;80
2011-01-20;1333066;"4";"1200$";1;1025,04;50,3;0;6;95
2012-03-09;1251192;NA;"1000$";0;1002,19;44,1;0;19;97
2012-05-01;1834122;"3";"1200$";0;1076,69;67,7;0;17;87
2011-10-09;1293205;"1";"1500$";0;1021,48;53,4;0;9;94
2012-09-19;1246845;"2";"1250$";0;1042,61;33,3;0;8;52
2011-10-31;1299311;"5";"1250$";0;954,44;45,8;0;7;60
2010-09-01;1766757;"3";"1200$";1;980,43;66,6;0;11;98
2012-08-16;1538636;"4";"1200$";1;1007,99;54,6;0;3;76
2011-02-11;1330741;"3";"1250$";0;1029,04;67,3;0;12;73
2011-10-12;1695736;"1";"1000$";0;943,12;37,5;1;12;69
2012-06-01;1510970;"5";"1500$";0;1053,21;55,2;0;14;51
2010-05-31;1516907;"2";"1500$";1;953,81;75,8;0;4;99
2010-04-15;1357529;NA;"1500$";1;967,11;49;1;8;89
2011-03-15;1470429;"4";"1500$";0;1035,48;49,1;0;5;89
2011-12-21;1792825;"2";"1200$";1;901,2;58,5;0;11;84
2011-12-13;1426953;NA;"1200$";0;1046,72;41,7;0;16;77
2010-02-07;1563069;"1";"1000$";0;943,79;45;1;5;79
2010-05-23;1623320;"5";"1200$";0;972,83;43,1;0;18;98
2011-01-31;1343998;"2";"1250$";0;987,22;47,8;0;6;74
2010-08-30;1548836;"3";"1500$";1;994,25;54,8;0;11;88
2012-04-20;1287474;"1";"1500$";0;1024,36;57,2;0;17;70
2011-06-30;1608064;NA;"1200$";0;983,99;46;0;17;94
2012-06-10;1736714;"4";"1200$";0;1006,71;34;0;15;100
2011-05-30;1492865;"5";"1200$";0;998,53;58,1;0;14;57
2011-07-16;1513272;"4";"1500$";1;1016,39;64,3;1;7;97
2011-10-18;1686640;NA;"1250$";1;1048,59;46,1;0;13;64
2010-11-13;1805542;NA;"1000$";1;971,96;59,5;0;12;53
2011-12-31;1591132;"4";"1250$";0;1014,41;27,7;0;6;92
2010-12-16;1826209;"1";"1000$";0;1076,01;45,3;0;7;85
2012-06-24;1606297;"1";"1000$";0;989,91;47,5;0;9;97
2011-08-25;1306778;"3";"1000$";0;925,76;40,9;1;11;65
2011-06-25;1537222;"5";"1250$";0;1020,58;42,2;0;2;98
2012-09-15;1763601;"1";"1000$";0;1034,54;47,7;0;9;64
2012-09-17;1641984;"5";"1250$";0;1030,31;38,6;0;5;63
2012-07-08;1392373;NA;"1250$";0;994,77;33,9;0;15;55
2010-01-30;1563948;"4";"1250$";1;956,91;45,1;0;6;90
2012-04-09;1834536;"2";"1200$";1;1057,76;46,5;0;13;84
2011-06-26;1574662;"5";"1200$";1;969,59;49,5;0;15;92
2010-05-29;1480390;"5";"1500$";0;1020,02;52,9;0;15;70
2012-02-02;1394158;"2";"1250$";0;977,06;48,6;0;9;92
2010-07-08;1579377;"1";"1250$";0;987,28;52,4;0;7;51
2012-01-11;1694168;"3";"1000$";0;953,2;48,5;0;8;94
2011-08-08;1468387;"5";"1000$";0;972,21;49,7;0;18;85
2010-07-03;1690999;NA;"1500$";0;838,64;45,3;0;16;80
2011-11-03;1259790;"1";"1200$";0;1010,82;45,6;0;14;89
2012-07-29;1460132;"4";"1500$";1;913,73;32,3;0;18;82
2011-09-18;1667852;"3";"1500$";1;992,28;51,1;0;9;50
2010-06-28;1664342;"4";"1500$";0;960,5;67,4;0;11;90
2010-07-19;1245711;"2";"1500$";0;991,34;53,4;0;13;54
2010-09-27;1829599;NA;"1250$";0;1003,31;50,2;0;14;51
2011-11-05;1788906;"2";"1250$";1;1022,69;42;0;14;90
2012-08-04;1479317;"2";"1500$";0;1034,73;59,8;0;6;60
2010-05-21;1422129;NA;"1000$";0;1020,64;50,9;1;3;86
2010-05-13;1492971;"5";"1500$";0;981,72;52,8;0;13;59
2010-11-06;1632880;"5";"1000$";0;938,55;43,7;0;19;52
2011-02-10;1786485;"4";"1500$";0;978,09;40,8;0;13;56
2010-10-16;1581226;"5";"1250$";0;948,37;55,2;1;11;93
2012-04-13;1236199;"1";"1000$";0;940,64;48,4;0;18;71
2010-11-13;1439523;"5";"1250$";0;1046,26;50,2;0;10;62
2012-03-30;1723897;"3";"1000$";0;951,09;57,3;0;17;89
2010-02-24;1546239;"3";"1000$";0;1002,23;41,4;0;16;72
2011-01-26;1683494;"2";"1500$";0;940,74;49,7;0;18;61
2012-09-26;1323490;"5";"1000$";0;965,26;46,3;1;11;88
2011-11-15;1821961;NA;"1200$";0;949,82;34,1;0;6;87
2012-08-13;1359084;"2";"1500$";0;1018,05;42;1;18;91
2010-03-01;1784375;"3";"1250$";0;929,78;39,7;1;11;99
2011-11-18;1495321;"4";"1200$";1;914,9;50,1;0;7;79
2010-12-26;1622203;"1";"1250$";0;938,12;52,3;0;12;97
2011-01-09;1491792;"1";"1500$";0;1003,09;49,1;0;14;71
2010-09-05;1520564;"2";"1200$";1;1019,56;34,1;0;8;82
2011-06-22;1571045;"5";"1250$";0;1046,21;33,7;0;11;93
2010-09-13;1668811;"3";"1500$";0;1017,14;29,8;0;12;54
2011-09-26;1762023;"1";"1000$";0;1010,57;58,4;0;16;65
2011-12-30;1642609;"5";"1000$";0;1010,88;52,8;0;14;51
2010-01-11;1829119;"1";"1500$";0;960,06;56,8;0;7;57
2010-12-23;1686103;"5";"1250$";0;1014,03;51,8;1;18;54
2010-09-26;1501761;NA;"1500$";1;959,64;37,9;0;5;77
2010-05-14;1345827;NA;"1000$";0;911,81;56,9;0;9;53
2010-12-31;1244398;"3";"1250$";0;953,21;43,1;0;5;94
2010-10-20;1653878;NA;"1500$";0;1008,72;16,7;0;14;77
2010-09-13;1247132;"2";"1000$";0;1002,82;49,6;0;9;72
2011-08-27;1374898;"4";"1000$";0;1008,43;60,5;0;6;99
2011-10-01;1321380;"5";"1000$";0;999,04;50,7;0;5;53
2012-06-10;1481687;"5";"1200$";0;990,64;48,7;0;17;51
2011-06-22;1458998;NA;"1200$";0;966,61;41,1;0;19;74
2011-09-15;1683570;NA;"1500$";0;905,68;55,6;1;11;67
2011-11-12;1756933;"5";"1250$";1;1040,16;52,5;0;15;64
2012-03-13;1696750;"4";"1250$";0;926,58;45,4;0;14;80
2010-12-17;1510407;"4";"1500$";0;1025,29;49,9;0;12;77
2011-03-17;1601387;"2";"1000$";1;1034,75;46,6;0;2;82
2011-10-13;1463114;"4";"1000$";0;1057,69;53,6;0;8;79
2011-05-25;1515113;"4";"1200$";0;1050,37;57,9;0;5;70
2011-04-07;1629248;"1";"1500$";1;926,69;42,5;0;6;73
2011-11-15;1339162;"2";"1000$";0;1053,08;34,4;0;7;83
2011-01-11;1294018;"2";"1200$";1;950;47,9;0;9;54
2011-09-01;1235086;"2";"1000$";0;1021,93;70,8;0;12;70
2011-02-08;1453404;"5";"1250$";0;981,15;41,4;0;4;64
2012-01-04;1806013;"3";"1500$";0;939,74;65,4;0;17;65
2010-07-21;1244012;"4";"1500$";0;968,26;20,9;0;12;80
2011-02-04;1699515;"3";"1000$";0;1061,76;49,9;0;12;83
2010-02-28;1533337;"3";"1500$";0;946,82;63,7;1;9;52
2012-06-26;1266209;"1";"1500$";1;956,48;53,1;0;4;50
2011-04-29;1495808;"3";"1500$";0;947,86;51;0;13;52
2010-10-24;1477722;"1";"1250$";0;1005,74;45,4;0;19;99
2011-05-24;1630531;"5";"1500$";0;989,61;48,3;0;15;67
2012-01-21;1601491;"2";"1500$";0;1029,59;58,4;1;12;83
2010-11-05;1821454;"2";"1500$";0;1046,19;62,1;0;17;78
2010-12-12;1568543;"5";"1250$";0;978,88;53,4;0;15;97
2010-11-23;1308189;"1";"1250$";0;1008,62;48,5;0;5;65
2010-01-09;1322635;"4";"1250$";1;1024,44;60,2;0;18;95
2011-02-26;1524362;NA;"1200$";0;1034,13;53,4;1;20;95
2010-03-06;1580596;NA;"1000$";0;1015,24;67,5;0;2;92
2010-06-04;1809938;"4";"1000$";1;1025,67;44,2;1;18;51
2011-10-13;1426344;"1";"1200$";0;1020,13;45,1;0;3;67
2011-02-14;1376663;"3";"1500$";0;999,76;57,9;0;6;99
2011-09-01;1613657;"4";"1200$";0;1067,81;61,5;0;2;98
2012-03-17;1609157;"1";"1250$";1;1038,56;52,5;1;4;57
2010-11-06;1456038;"5";"1000$";0;962,82;51,3;0;8;61
2011-01-20;1443813;"1";"1200$";0;1059,54;54,3;0;4;59
2012-01-18;1577148;"4";"1000$";0;1033,68;48,2;0;11;76
2011-10-13;1747780;"3";"1500$";0;1011,31;60,9;1;16;99
2011-12-14;1799494;"5";"1250$";1;986,68;43;0;17;97
2011-10-15;1355834;"2";"1250$";0;1051,24;29;0;20;72
2012-02-10;1736574;"3";"1200$";0;1017,08;45,5;0;5;87
2011-01-09;1554899;"5";"1250$";0;986,3;62,1;0;19;80
2012-08-14;1576836;NA;"1500$";0;994,17;43,5;1;5;99
2011-10-26;1401028;"5";"1000$";0;1035,68;41,1;1;18;68
2011-07-01;1327755;"2";"1250$";0;1056,66;59,1;0;11;84
2012-08-03;1524241;"5";"1500$";0;994,25;36,4;1;9;80
2010-12-28;1522243;"2";"1200$";0;971,38;54;1;9;61
2011-06-25;1630051;NA;"1500$";1;990,19;56,3;1;20;77
2010-03-01;1829179;"3";"1250$";0;1005,49;46,6;0;12;53
2011-02-07;1460901;"5";"1000$";0;997,44;51,1;1;15;98
2011-01-03;1512646;"4";"1500$";0;1046,73;47,3;0;12;61
2010-10-05;1443897;"1";"1250$";0;970,96;54,6;0;16;84
2011-12-16;1686079;"3";"1250$";0;1026,15;50,9;0;19;73
2011-04-02;1468019;"1";"1500$";0;1030,72;31,7;0;16;71
2011-12-04;1797594;NA;"1250$";0;972,64;50,6;1;11;86
2011-09-19;1327823;NA;"1250$";0;1035,37;42;1;18;80
2010-12-26;1323148;"5";"1000$";0;1037,14;64,4;0;11;69
2012-07-31;1608909;NA;"1250$";0;951,18;57,6;0;15;68
2011-09-29;1402332;"1";"1250$";0;1021,78;40,8;1;17;51
2010-06-14;1508192;"1";"1500$";0;978,16;57,1;0;12;80
2011-07-15;1363279;"5";"1250$";1;1008,19;50,6;1;17;67
2010-02-24;1759018;"3";"1200$";1;976,93;57,2;0;3;84
2010-01-29;1768776;"1";"1000$";0;969,92;52,6;0;15;65
2010-04-30;1371737;"4";"1200$";0;1029,69;54,7;0;14;94
2012-02-28;1752203;NA;"1250$";0;988,35;41,4;0;14;96
2012-09-21;1606518;"5";"1250$";0;1049,59;68,2;0;17;81
2011-08-07;1528460;"3";"1250$";0;1036,61;45,6;0;15;76
2010-10-03;1581338;"1";"1500$";0;971,35;60,6;0;12;80
2010-08-06;1656211;"1";"1250$";0;1019,98;70,4;0;17;91
2011-03-24;1588549;"3";"1200$";1;1055,45;34,9;0;8;78
2010-10-20;1499130;"1";"1200$";0;1006,74;44;0;6;56
2012-06-18;1820848;"3";"1250$";0;1058,12;59,9;0;13;82
2010-03-17;1827650;"1";"1200$";0;997,3;36,2;0;16;64
2010-01-14;1485767;"5";"1500$";1;979,4;44,8;1;10;72
2012-09-13;1403487;NA;"1000$";0;1091,71;65,9;0;4;77
2012-06-10;1645632;"5";"1200$";0;1012,37;47,6;0;15;74
2012-08-14;1295649;"4";"1250$";0;936,53;44,5;0;18;95
2011-06-13;1404476;"5";"1500$";0;1018,4;54,2;1;4;81
2012-05-19;1669690;"5";"1200$";0;1025,45;69,1;0;7;61
2012-03-09;1259453;"5";"1500$";0;1061,41;44,4;0;3;54
2012-03-11;1470440;"1";"1250$";0;999,57;37,1;0;4;89
2010-03-05;1629746;"5";"1000$";1;950,31;56,3;0;14;55
2012-04-23;1281495;"3";"1000$";0;1008,64;48,3;1;5;55
2011-01-15;1572790;"5";"1000$";1;1036,55;49,5;1;11;80
2012-08-04;1332726;"3";"1500$";0;1017,3;50,5;0;19;57
2012-08-21;1648770;"1";"1500$";0;951,94;55,3;1;14;53
2011-05-13;1402715;"3";"1200$";0;1022,48;58,8;0;19;65
2010-01-13;1740519;NA;"1000$";1;1021,02;54,5;0;5;61
2011-08-25;1712510;NA;"1200$";1;965,9;45,4;0;13;77
2010-01-16;1279362;NA;"1250$";0;1026,86;46,6;0;5;67
2011-02-13;1659900;"3";"1250$";0;942,87;55,9;0;19;60
2010-01-30;1293787;"5";"1500$";0;964,25;55,7;0;16;58
2011-08-04;1738157;"3";"1200$";0;984,69;40;0;3;96
2012-01-17;1527449;"3";"1000$";0;950,62;52,5;0;10;85
